LONG_SCHOOL_YEAR,DETAIL_LVL_DESC,SCHOOL_DSTRCT_CD,SCHOOL_DSTRCT_NM,INSTN_NUMBER,INSTN_NAME,GRADES_SERVED_DESC,STUDENT_COUNT_ALL,FIVE_OR_FEWER_PERCENT_ALL,SIX_TO_FIFTEEN_PERCENT_ALL,OVER_15_PERCENT_ALL,STUDENT_COUNT_INDIAN,FIVE_OR_FEWER_PERCENT_INDIAN,SIX_TO_FIFTEEN_PERCENT_INDIAN,OVER_15_PERCENT_INDIAN,STUDENT_COUNT_ASIAN,FIVE_OR_FEWER_PERCENT_ASIAN,SIX_TO_FIFTEEN_PERCENT_ASIAN,OVER_15_PERCENT_ASIAN,STUDENT_COUNT_BLACK,FIVE_OR_FEWER_PERCENT_BLACK,SIX_TO_FIFTEEN_PERCENT_BLACK,OVER_15_PERCENT_BLACK,STUDENT_COUNT_WHITE,FIVE_OR_FEWER_PERCENT_WHITE,SIX_TO_FIFTEEN_PERCENT_WHITE,OVER_15_PERCENT_WHITE,STUDENT_COUNT_HISPANI,FIVE_OR_FEWER_PERCENT_HISPANI,SIX_TO_FIFTEEN_PERCENT_HISPANI,OVER_15_PERCENT_HISPANI,STUDENT_COUNT_MULTI,FIVE_OR_FEWER_PERCENT_MULTI,SIX_TO_FIFTEEN_PERCENT_MULTI,OVER_15_PERCENT_MULTI,STUDENT_COUNT_FEMALE,FIVE_OR_FEWER_PERCENT_FEMALE,SIX_TO_FIFTEEN_PERCENT_FEMALE,OVER_15_PERCENT_FEMALE,STUDENT_COUNT_MALE,FIVE_OR_FEWER_PERCENT_MALE,SIX_TO_FIFTEEN_PERCENT_MALE,OVER_15_PERCENT_MALE,STUDENT_COUNT_SWD,FIVE_OR_FEWER_PERCENT_SWD,SIX_TO_FIFTEEN_PERCENT_SWD,OVER_15_PERCENT_SWD,STUDENT_COUNT_NOT_SWD,FIVE_OR_FEWER_PERCENT_NOT_SWD,SIX_TO_FIFTEEN_PERCENT_NOT_SWD,OVER_15_PERCENT_NOT_SWD,STUDENT_COUNT_ED,FIVE_OR_FEWER_PERCENT_ED,SIX_TO_FIFTEEN_PERCENT_ED,OVER_15_PERCENT_ED,STUDENT_COUNT_NOT_ED,FIVE_OR_FEWER_PERCENT_NOT_ED,SIX_TO_FIFTEEN_PERCENT_NOT_ED,OVER_15_PERCENT_NOT_ED,STUDENT_COUNT_LEP,FIVE_OR_FEWER_PERCENT_LEP,SIX_TO_FIFTEEN_PERCENT_LEP,OVER_15_PERCENT_LEP,STUDENT_COUNT_MIGRANT,FIVE_OR_FEWER_PERCENT_MIGRANT,SIX_TO_FIFTEEN_PERCENT_MIGRANT,OVER_15_PERCENT_MIGRANT,CHRONIC_ABSENT_PERC_ALL,CHRONIC_ABSENT_PERC_INDIAN,CHRONIC_ABSENT_PERC_ASIAN,CHRONIC_ABSENT_PERC_BLACK,CHRONIC_ABSENT_PERC_WHITE,CHRONIC_ABSENT_PERC_HISPANI,CHRONIC_ABSENT_PERC_MULTI,CHRONIC_ABSENT_PERC_FEMALE,CHRONIC_ABSENT_PERC_MALE,CHRONIC_ABSENT_PERC_SWD,CHRONIC_ABSENT_PERC_NOT_SWD,CHRONIC_ABSENT_PERC_ED,CHRONIC_ABSENT_PERC_NOT_ED,CHRONIC_ABSENT_PERC_LEP,CHRONIC_ABSENT_PERC_MIGRANT,source_file,#RPT_NAME
2019-20,School,629,Clarke County,0102,Cedar Shoals High School,"09,10,11,12",1492,48.4,31.0,20.6,0,0.0,0.0,0.0,14,92.9,0.0,7.1,801,46.9,30.6,22.5,196,52.6,30.6,16.8,431,49.0,32.5,18.6,48,37.5,37.5,25.0,732,44.9,32.0,23.1,760,51.7,30.1,18.2,253,40.7,33.6,25.7,1239,50.0,30.5,19.5,1492,48.4,31.0,20.6,0,0.0,0.0,0.0,108,49.1,33.3,17.6,0,0.0,0.0,0.0,23.1,0.0,7.1,25.6,19.4,20.4,25.0,24.0,22.1,31.2,21.4,23.1,0.0,25.0,0.0,Attendance_2020_Dec112020.csv,
2019-20,School,629,Clarke County,0104,Classic City High School,"09,10,11,12",90,56.7,31.1,12.2,0,0.0,0.0,0.0,0,0.0,0.0,0.0,71,59.2,26.8,14.1,0,0.0,0.0,0.0,0,0.0,0.0,0.0,0,0.0,0.0,0.0,42,42.9,40.5,16.7,48,68.8,22.9,8.3,11,72.7,27.3,0.0,79,54.4,31.6,13.9,90,56.7,31.1,12.2,0,0.0,0.0,0.0,0,0.0,0.0,0.0,0,0.0,0.0,0.0,17.8,0.0,0.0,18.3,0.0,0.0,0.0,23.8,12.5,9.1,19.0,17.8,0.0,0.0,0.0,Attendance_2020_Dec112020.csv,
2019-20,School,629,Clarke County,0105,Alps Road Elementary School,"PK,KK,01,02,03,04,05",392,57.4,33.7,8.9,0,0.0,0.0,0.0,0,0.0,0.0,0.0,310,60.3,32.9,6.8,29,41.4,41.4,17.2,28,50.0,25.0,25.0,22,45.5,45.5,9.1,195,57.4,33.3,9.2,197,57.4,34.0,8.6,55,58.2,29.1,12.7,337,57.3,34.4,8.3,392,57.4,33.7,8.9,0,0.0,0.0,0.0,14,71.4,21.4,7.1,0,0.0,0.0,0.0,11.7,0.0,0.0,8.7,34.5,25.0,9.1,10.8,12.7,14.5,11.3,11.7,0.0,7.1,0.0,Attendance_2020_Dec112020.csv,
2019-20,School,629,Clarke County,0112,Judia Jackson Harris Elementary,"PK,KK,01,02,03,04,05",427,65.3,31.9,2.8,0,0.0,0.0,0.0,0,0.0,0.0,0.0,124,61.3,36.3,2.4,19,63.2,21.1,15.8,275,66.9,30.9,2.2,0,0.0,0.0,0.0,213,64.8,32.9,2.3,214,65.9,30.8,3.3,61,55.7,41.0,3.3,366,66.9,30.3,2.7,427,65.3,31.9,2.8,0,0.0,0.0,0.0,257,68.1,30.4,1.6,0,0.0,0.0,0.0,3.3,0.0,0.0,2.4,15.8,2.9,0.0,2.8,3.7,1.6,3.6,3.3,0.0,2.7,0.0,Attendance_2020_Dec112020.csv,
2019-20,School,629,Clarke County,0178,Timothy Elementary School,"PK,KK,01,02,03,04,05",550,70.4,27.3,2.4,0,0.0,0.0,0.0,24,75.0,12.5,12.5,212,70.8,28.3,0.9,218,67.9,29.8,2.3,60,70.0,25.0,5.0,36,80.6,19.4,0.0,255,70.2,28.2,1.6,295,70.5,26.4,3.1,68,67.6,27.9,4.4,482,70.7,27.2,2.1,550,70.4,27.3,2.4,0,0.0,0.0,0.0,62,74.2,19.4,6.5,0,0.0,0.0,0.0,4.7,0.0,8.3,5.2,3.7,5.0,5.6,3.5,5.8,10.3,3.9,4.7,0.0,6.5,0.0,Attendance_2020_Dec112020.csv,
2019-20,School,629,Clarke County,0191,Cleveland Road Elementary School,"PK,KK,01,02,03,04,05",276,62.0,34.1,4.0,0,0.0,0.0,0.0,0,0.0,0.0,0.0,131,70.2,28.2,1.5,62,56.5,40.3,3.2,62,54.8,40.3,4.8,18,44.4,38.9,16.7,127,54.3,40.9,4.7,149,68.5,28.2,3.4,59,71.2,27.1,1.7,217,59.4,35.9,4.6,276,62.0,34.1,4.0,0,0.0,0.0,0.0,58,60.3,36.2,3.4,0,0.0,0.0,0.0,6.2,0.0,0.0,5.3,4.8,4.8,16.7,7.1,5.4,5.1,6.5,6.2,0.0,5.2,0.0,Attendance_2020_Dec112020.csv,
2019-20,School,629,Clarke County,0196,Coile Middle School,"06,07,08",772,65.5,27.1,7.4,0,0.0,0.0,0.0,0,0.0,0.0,0.0,378,65.1,27.0,7.9,43,62.8,18.6,18.6,328,67.4,27.4,5.2,22,50.0,40.9,9.1,366,64.2,30.1,5.7,406,66.7,24.4,8.9,133,60.2,28.6,11.3,639,66.7,26.8,6.6,772,65.5,27.1,7.4,0,0.0,0.0,0.0,207,68.6,27.1,4.3,0,0.0,0.0,0.0,8.9,0.0,0.0,10.1,20.9,6.1,9.1,6.8,10.8,13.5,8.0,8.9,0.0,4.8,0.0,Attendance_2020_Dec112020.csv,
2019-20,School,629,Clarke County,0205,Gaines Elementary School,"PK,KK,01,02,03,04,05",527,55.2,35.7,9.1,0,0.0,0.0,0.0,0,0.0,0.0,0.0,391,56.0,34.5,9.5,34,55.9,38.2,5.9,79,50.6,41.8,7.6,16,56.3,31.3,12.5,259,57.9,35.1,6.9,268,52.6,36.2,11.2,102,56.9,34.3,8.8,425,54.8,36.0,9.2,527,55.2,35.7,9.1,0,0.0,0.0,0.0,65,55.4,40.0,4.6,0,0.0,0.0,0.0,10.6,0.0,0.0,12.3,0.0,6.3,6.3,8.5,12.7,10.8,10.6,10.6,0.0,3.1,0.0,Attendance_2020_Dec112020.csv,
2019-20,School,629,Clarke County,0291,Howard B. Stroud Elementary School,"PK,KK,01,02,03,04,05",402,53.7,39.3,7.0,0,0.0,0.0,0.0,0,0.0,0.0,0.0,283,51.6,40.3,8.1,31,54.8,38.7,6.5,57,64.9,29.8,5.3,30,53.3,46.7,0.0,216,54.6,38.9,6.5,186,52.7,39.8,7.5,73,46.6,39.7,13.7,329,55.3,39.2,5.5,402,53.7,39.3,7.0,0,0.0,0.0,0.0,43,67.4,30.2,2.3,0,0.0,0.0,0.0,8.5,0.0,0.0,9.9,6.5,7.0,0.0,10.2,6.5,15.1,7.0,8.5,0.0,4.7,0.0,Attendance_2020_Dec112020.csv,
2019-20,School,629,Clarke County,0296,Burney-Harris-Lyons Middle School,"06,07,08",741,65.3,27.8,6.9,0,0.0,0.0,0.0,21,81.0,19.0,0.0,309,63.4,30.7,5.8,87,49.4,35.6,14.9,298,71.8,23.2,5.0,24,58.3,20.8,20.8,349,65.0,28.7,6.3,392,65.6,27.0,7.4,107,45.8,40.2,14.0,634,68.6,25.7,5.7,741,65.3,27.8,6.9,0,0.0,0.0,0.0,204,69.6,25.5,4.9,0,0.0,0.0,0.0,8.2,0.0,0.0,6.5,16.1,6.7,25.0,7.2,9.2,18.7,6.5,8.2,0.0,7.8,0.0,Attendance_2020_Dec112020.csv,
2019-20,School,629,Clarke County,0391,Whit Davis Road Elementary School,"PK,KK,01,02,03,04,05",479,65.1,28.6,6.3,0,0.0,0.0,0.0,0,0.0,0.0,0.0,211,62.6,31.3,6.2,162,66.0,28.4,5.6,74,67.6,23.0,9.5,23,78.3,17.4,4.3,223,65.9,28.3,5.8,256,64.5,28.9,6.6,70,58.6,30.0,11.4,409,66.3,28.4,5.4,479,65.1,28.6,6.3,0,0.0,0.0,0.0,56,64.3,25.0,10.7,0,0.0,0.0,0.0,6.9,0.0,0.0,7.1,7.4,8.1,0.0,6.3,7.4,8.6,6.6,6.9,0.0,7.1,0.0,Attendance_2020_Dec112020.csv,
2019-20,School,629,Clarke County,1058,Clarke Middle School,"06,07,08",857,56.0,34.1,9.9,0,0.0,0.0,0.0,27,85.2,7.4,7.4,410,50.5,36.6,12.9,290,62.1,33.8,4.1,88,56.8,30.7,12.5,41,46.3,36.6,17.1,402,53.2,36.8,10.0,455,58.5,31.6,9.9,157,48.4,38.9,12.7,700,57.7,33.0,9.3,857,56.0,34.1,9.9,0,0.0,0.0,0.0,61,65.6,24.6,9.8,0,0.0,0.0,0.0,11.4,0.0,3.7,15.4,5.2,13.6,17.1,11.9,11.0,17.8,10.0,11.4,0.0,9.8,0.0,Attendance_2020_Dec112020.csv,
2019-20,School,629,Clarke County,1062,Whitehead Road Elementary School,"PK,KK,01,02,03,04,05",739,72.1,25.3,2.6,0,0.0,0.0,0.0,17,76.5,23.5,0.0,291,75.6,23.0,1.4,141,67.4,26.2,6.4,268,71.3,26.5,2.2,21,66.7,33.3,0.0,337,71.2,26.1,2.7,402,72.9,24.6,2.5,67,74.6,20.9,4.5,672,71.9,25.7,2.4,739,72.1,25.3,2.6,0,0.0,0.0,0.0,251,71.7,25.9,2.4,0,0.0,0.0,0.0,3.0,0.0,0.0,1.7,7.8,1.9,4.8,3.3,2.7,4.5,2.8,3.0,0.0,2.0,0.0,Attendance_2020_Dec112020.csv,
2019-20,School,629,Clarke County,2056,Barnett Shoals Elementary School,"PK,KK,01,02,03,04,05",499,58.9,34.7,6.4,0,0.0,0.0,0.0,0,0.0,0.0,0.0,273,59.0,32.2,8.8,135,60.7,34.1,5.2,50,56.0,42.0,2.0,34,55.9,44.1,0.0,246,60.6,32.1,7.3,253,57.3,37.2,5.5,91,52.7,36.3,11.0,408,60.3,34.3,5.4,499,58.9,34.7,6.4,0,0.0,0.0,0.0,44,50.0,47.7,2.3,0,0.0,0.0,0.0,7.2,0.0,0.0,9.9,5.2,2.0,2.9,7.3,7.1,11.0,6.4,7.2,0.0,2.3,0.0,Attendance_2020_Dec112020.csv,
2019-20,School,629,Clarke County,2062,Winterville Elementary School,"PK,KK,01,02,03,04,05",399,64.9,30.3,4.8,0,0.0,0.0,0.0,0,0.0,0.0,0.0,209,67.9,24.9,7.2,71,54.9,39.4,5.6,106,65.1,34.9,0.0,11,72.7,27.3,0.0,195,67.7,27.7,4.6,204,62.3,32.8,4.9,77,54.5,31.2,14.3,322,67.4,30.1,2.5,399,64.9,30.3,4.8,0,0.0,0.0,0.0,83,68.7,31.3,0.0,0,0.0,0.0,0.0,6.5,0.0,0.0,9.1,8.5,0.9,0.0,5.6,7.4,10.4,5.6,6.5,0.0,1.2,0.0,Attendance_2020_Dec112020.csv,
2019-20,School,629,Clarke County,3056,Barrow Elementary School,"PK,KK,01,02,03,04,05",538,66.5,27.7,5.8,0,0.0,0.0,0.0,60,88.3,11.7,0.0,188,49.5,36.7,13.8,231,73.2,25.5,1.3,35,71.4,22.9,5.7,23,78.3,21.7,0.0,240,65.0,28.3,6.7,298,67.8,27.2,5.0,58,55.2,36.2,8.6,480,67.9,26.7,5.4,538,66.5,27.7,5.8,0,0.0,0.0,0.0,74,89.2,9.5,1.4,0,0.0,0.0,0.0,7.1,0.0,0.0,15.4,2.2,8.6,4.3,8.3,6.0,10.3,6.7,7.1,0.0,1.4,0.0,Attendance_2020_Dec112020.csv,
2019-20,School,629,Clarke County,3058,Fowler Drive Elementary School,"PK,KK,01,02,03,04,05",449,65.9,29.2,4.9,0,0.0,0.0,0.0,0,0.0,0.0,0.0,189,59.3,33.3,7.4,32,62.5,34.4,3.1,217,72.4,24.9,2.8,11,63.6,27.3,9.1,225,67.6,26.7,5.8,224,64.3,31.7,4.0,64,62.5,32.8,4.7,385,66.5,28.6,4.9,449,65.9,29.2,4.9,0,0.0,0.0,0.0,195,73.3,24.1,2.6,0,0.0,0.0,0.0,6.2,0.0,0.0,7.9,6.3,3.7,27.3,6.7,5.8,9.4,5.7,6.2,0.0,2.6,0.0,Attendance_2020_Dec112020.csv,
2019-20,School,629,Clarke County,4060,Oglethorpe Avenue Elementary School,"PK,KK,01,02,03,04,05",579,63.6,33.3,3.1,0,0.0,0.0,0.0,0,0.0,0.0,0.0,219,62.6,33.8,3.7,115,60.0,36.5,3.5,226,65.9,31.9,2.2,17,70.6,23.5,5.9,281,61.9,36.3,1.8,298,65.1,30.5,4.4,110,57.3,39.1,3.6,469,65.0,32.0,3.0,579,63.6,33.3,3.1,0,0.0,0.0,0.0,185,69.7,28.6,1.6,0,0.0,0.0,0.0,3.8,0.0,0.0,3.7,2.6,4.4,5.9,2.8,4.7,5.5,3.4,3.8,0.0,3.8,0.0,Attendance_2020_Dec112020.csv,
2019-20,School,629,Clarke County,5056,Chase Street Elementary School,"PK,KK,01,02,03,04,05",558,63.8,31.2,5.0,0,0.0,0.0,0.0,0,0.0,0.0,0.0,201,58.7,32.3,9.0,287,68.6,29.6,1.7,40,52.5,40.0,7.5,21,66.7,23.8,9.5,265,66.4,30.9,2.6,293,61.4,31.4,7.2,66,56.1,33.3,10.6,492,64.8,30.9,4.3,558,63.8,31.2,5.0,0,0.0,0.0,0.0,28,46.4,46.4,7.1,0,0.0,0.0,0.0,7.2,0.0,0.0,13.4,2.8,7.5,4.8,5.7,8.5,15.2,6.1,7.2,0.0,10.7,0.0,Attendance_2020_Dec112020.csv,
2019-20,School,629,Clarke County,5058,Hilsman Middle School,"06,07,08",752,60.4,28.9,10.8,0,0.0,0.0,0.0,15,80.0,20.0,0.0,459,58.2,29.4,12.4,132,63.6,28.0,8.3,109,65.1,27.5,7.3,36,52.8,33.3,13.9,354,61.9,29.1,9.0,398,59.0,28.6,12.3,187,51.3,31.6,17.1,565,63.4,28.0,8.7,752,60.4,28.9,10.8,0,0.0,0.0,0.0,65,70.8,23.1,6.2,0,0.0,0.0,0.0,12.2,0.0,0.0,14.2,9.8,9.2,11.1,11.9,12.6,19.8,9.7,12.2,0.0,9.2,0.0,Attendance_2020_Dec112020.csv,
2019-20,School,629,Clarke County,5556,Clarke Central High School,"09,10,11,12",1883,55.6,27.5,16.9,0,0.0,0.0,0.0,44,75.0,22.7,2.3,826,52.8,26.8,20.5,474,60.3,29.5,10.1,459,53.8,27.2,19.0,78,55.1,28.2,16.7,946,53.6,29.4,17.0,937,57.6,25.6,16.8,247,45.7,30.4,23.9,1636,57.1,27.1,15.8,1883,55.6,27.5,16.9,0,0.0,0.0,0.0,127,48.8,32.3,18.9,0,0.0,0.0,0.0,17.9,0.0,4.5,22.0,9.9,19.4,21.8,17.2,18.6,25.9,16.7,17.9,0.0,20.5,0.0,Attendance_2020_Dec112020.csv,
2019-20,District,629,Clarke County,ALL,All Column Values,"PK,KK,01,02,03,04,05,06,07,08,09,10,11,12",13401,60.4,30.3,9.4,22,45.5,45.5,9.1,256,80.1,16.8,3.1,6486,57.9,30.9,11.2,2794,62.5,30.8,6.7,3299,62.4,29.2,8.4,544,57.5,32.2,10.3,6468,59.4,31.2,9.4,6933,61.3,29.4,9.4,2116,53.1,33.2,13.7,11285,61.7,29.7,8.6,13401,60.4,30.3,9.4,0,0.0,0.0,0.0,2189,66.8,28.1,5.1,66,37.9,36.4,25.8,10.9,18.2,2.7,13.2,7.8,9.3,11.8,10.7,11.0,16.2,9.9,10.9,0.0,6.3,36.4,Attendance_2020_Dec112020.csv,
2020-21,School,629,Clarke County,0102,Cedar Shoals High School,"09,10,11,12",1486,35.9,17.6,46.5,TFS,TFS,TFS,TFS,19,89.5,0,10.5,777,31,15.2,53.8,205,55.1,19,25.9,435,34.3,21.4,44.4,48,27.1,25,47.9,727,37.6,17.6,44.8,759,34.3,17.7,48.1,248,33.5,15.7,50.8,1238,36.3,18,45.6,1486,35.9,17.6,46.5,TFS,TFS,TFS,TFS,100,26,23,51,TFS,TFS,TFS,TFS,48.2,TFS,10.5,55.2,27.3,46.4,52.1,46.8,49.5,52.8,47.3,48.2,TFS,56,TFS,Attendance_2021_Dec062021.csv,
2020-21,School,629,Clarke County,0104,Classic City High School,"09,10,11,12",62,45.2,12.9,41.9,TFS,TFS,TFS,TFS,TFS,TFS,TFS,TFS,51,45.1,9.8,45.1,TFS,TFS,TFS,TFS,TFS,TFS,TFS,TFS,TFS,TFS,TFS,TFS,31,35.5,9.7,54.8,31,54.8,16.1,29,10,60,10,30,52,42.3,13.5,44.2,62,45.2,12.9,41.9,TFS,TFS,TFS,TFS,TFS,TFS,TFS,TFS,TFS,TFS,TFS,TFS,48.4,TFS,TFS,51,TFS,TFS,TFS,64.5,32.3,40,50,48.4,TFS,TFS,TFS,Attendance_2021_Dec062021.csv,
2020-21,School,629,Clarke County,0105,Alps Road Elementary School,"PK,KK,01,02,03,04,05",347,36.6,28.8,34.6,TFS,TFS,TFS,TFS,TFS,TFS,TFS,TFS,276,35.5,29,35.5,25,48,28,24,18,44.4,33.3,22.2,25,24,28,48,170,37.1,30.6,32.4,177,36.2,27.1,36.7,53,35.8,26.4,37.7,294,36.7,29.3,34,347,36.6,28.8,34.6,TFS,TFS,TFS,TFS,13,53.8,30.8,15.4,TFS,TFS,TFS,TFS,40.6,TFS,TFS,39.9,44,33.3,56,40,41.2,47.2,39.5,40.6,TFS,15.4,TFS,Attendance_2021_Dec062021.csv,
2020-21,School,629,Clarke County,0112,Judia Jackson Harris Elementary,"PK,KK,01,02,03,04,05",378,46.8,34.1,19.0,TFS,TFS,TFS,TFS,TFS,TFS,TFS,TFS,94,36.2,35.1,28.7,19,31.6,21.1,47.4,259,52.1,34.4,13.5,TFS,TFS,TFS,TFS,178,49.4,36,14.6,200,44.5,32.5,23,60,43.3,33.3,23.3,318,47.5,34.3,18.2,378,46.8,34.1,19,TFS,TFS,TFS,TFS,235,52.8,33.2,14,TFS,TFS,TFS,TFS,22.2,TFS,TFS,28.7,57.9,17.4,TFS,16.9,27,28.3,21.1,22.2,TFS,17,TFS,Attendance_2021_Dec062021.csv,
2020-21,School,629,Clarke County,0178,Timothy Elementary School,"PK,KK,01,02,03,04,05",487,63.9,21.6,14.6,TFS,TFS,TFS,TFS,21,81,14.3,4.8,197,56.3,23.9,19.8,184,73.4,16.8,9.8,50,54,32,14,35,60,22.9,17.1,228,66.7,21.1,12.3,259,61.4,22,16.6,68,52.9,29.4,17.6,419,65.6,20.3,14.1,487,63.9,21.6,14.6,TFS,TFS,TFS,TFS,52,59.6,32.7,7.7,TFS,TFS,TFS,TFS,18.3,TFS,4.8,21.3,14.1,22,25.7,17.1,19.3,19.1,18.1,18.3,TFS,13.5,TFS,Attendance_2021_Dec062021.csv,
2020-21,School,629,Clarke County,0191,Cleveland Road Elementary School,"PK,KK,01,02,03,04,05",243,51.4,25.1,23.5,TFS,TFS,TFS,TFS,TFS,TFS,TFS,TFS,101,41.6,27.7,30.7,61,65.6,18,16.4,53,52.8,32.1,15.1,22,54.5,13.6,31.8,121,52.9,25.6,21.5,122,50,24.6,25.4,40,45,27.5,27.5,203,52.7,24.6,22.7,243,51.4,25.1,23.5,TFS,TFS,TFS,TFS,50,48,34,18,TFS,TFS,TFS,TFS,28.4,TFS,TFS,35.6,23,17,40.9,26.4,30.3,32.5,27.6,28.4,TFS,20,TFS,Attendance_2021_Dec062021.csv,
2020-21,School,629,Clarke County,0196,Coile Middle School,"06,07,08",799,51.3,25.0,23.7,TFS,TFS,TFS,TFS,TFS,TFS,TFS,TFS,409,44,25.9,30.1,40,55,22.5,22.5,323,60.4,24.1,15.5,24,45.8,25,29.2,399,54.9,22.6,22.6,400,47.8,27.5,24.8,151,38.4,25.8,35.8,648,54.3,24.8,20.8,799,51.3,25,23.7,TFS,TFS,TFS,TFS,201,55.2,28.4,16.4,TFS,TFS,TFS,TFS,26.4,TFS,TFS,32.5,25,18.6,33.3,25.3,27.5,37.7,23.8,26.4,TFS,19.9,TFS,Attendance_2021_Dec062021.csv,
2020-21,School,629,Clarke County,0205,Gaines Elementary School,"PK,KK,01,02,03,04,05",533,29.5,26.8,43.7,TFS,TFS,TFS,TFS,TFS,TFS,TFS,TFS,391,24.6,25.3,50.1,34,52.9,29.4,17.6,80,43.8,35,21.3,23,30.4,21.7,47.8,255,31,29,40,278,28.1,24.8,47.1,92,22.8,30.4,46.7,441,30.8,26.1,43.1,533,29.5,26.8,43.7,TFS,TFS,TFS,TFS,72,48.6,34.7,16.7,TFS,TFS,TFS,TFS,47.8,TFS,TFS,54.2,26.5,25,47.8,44.3,51.1,50,47.4,47.8,TFS,20.8,TFS,Attendance_2021_Dec062021.csv,
2020-21,School,629,Clarke County,0291,Howard B. Stroud Elementary School,"PK,KK,01,02,03,04,05",392,33.2,29.1,37.8,TFS,TFS,TFS,TFS,TFS,TFS,TFS,TFS,287,30,29.3,40.8,20,25,45,30,51,56.9,13.7,29.4,33,30.3,42.4,27.3,206,31.1,33.5,35.4,186,35.5,24.2,40.3,90,40,27.8,32.2,302,31.1,29.5,39.4,392,33.2,29.1,37.8,TFS,TFS,TFS,TFS,32,65.6,18.8,15.6,TFS,TFS,TFS,TFS,44.4,TFS,TFS,48.1,35,31.4,36.4,42.2,46.8,40,45.7,44.4,TFS,18.8,TFS,Attendance_2021_Dec062021.csv,
2020-21,School,629,Clarke County,0296,Burney-Harris-Lyons Middle School,"06,07,08",768,73.4,15.9,10.7,TFS,TFS,TFS,TFS,23,95.7,4.3,0,321,71.3,17.1,11.5,108,70.4,18.5,11.1,286,76.6,13.6,9.8,30,60,23.3,16.7,375,75.2,16.5,8.3,393,71.8,15.3,13,104,62.5,18.3,19.2,664,75.2,15.5,9.3,768,73.4,15.9,10.7,TFS,TFS,TFS,TFS,185,77.3,14.1,8.6,TFS,TFS,TFS,TFS,11.7,TFS,0,12.5,14.8,9.8,20,9.1,14.2,21.2,10.2,11.7,TFS,8.6,TFS,Attendance_2021_Dec062021.csv,
2020-21,School,629,Clarke County,0391,Whit Davis Road Elementary School,"PK,KK,01,02,03,04,05",429,46.9,28.4,24.7,TFS,TFS,TFS,TFS,TFS,TFS,TFS,TFS,202,38.1,31.2,30.7,128,58.6,25.8,15.6,65,35.4,35.4,29.2,26,73.1,11.5,15.4,193,47.2,28,24.9,236,46.6,28.8,24.6,56,41.1,32.1,26.8,373,47.7,27.9,24.4,429,46.9,28.4,24.7,TFS,TFS,TFS,TFS,48,35.4,27.1,37.5,TFS,TFS,TFS,TFS,28.0,TFS,TFS,35.6,16.4,30.8,19.2,28,28,30.4,27.6,28,TFS,41.7,TFS,Attendance_2021_Dec062021.csv,
2020-21,School,629,Clarke County,1058,Clarke Middle School,"06,07,08",794,56.4,19.8,23.8,TFS,TFS,TFS,TFS,15,86.7,0,13.3,379,40.4,21.4,38.3,265,75.5,16.6,7.9,88,63.6,26.1,10.2,46,54.3,19.6,26.1,369,55.8,20.3,23.8,425,56.9,19.3,23.8,158,39.2,18.4,42.4,636,60.7,20.1,19.2,794,56.4,19.8,23.8,TFS,TFS,TFS,TFS,50,64,22,14,TFS,TFS,TFS,TFS,26.4,TFS,13.3,41.7,9.1,14.8,28.3,27.1,25.9,43.7,22.2,26.4,TFS,20,TFS,Attendance_2021_Dec062021.csv,
2020-21,School,629,Clarke County,1062,Whitehead Road Elementary School,"PK,KK,01,02,03,04,05",662,53.0,33.5,13.4,TFS,TFS,TFS,TFS,TFS,TFS,TFS,TFS,261,47.5,35.2,17.2,111,65.8,26.1,8.1,266,53,34.2,12.8,16,43.8,56.3,0,313,55,32.9,12.1,349,51.3,34.1,14.6,73,42.5,37,20.5,589,54.3,33.1,12.6,662,53,33.5,13.4,TFS,TFS,TFS,TFS,233,54.5,33.9,11.6,TFS,TFS,TFS,TFS,16.8,TFS,TFS,19.5,10.8,16.5,18.8,16,17.5,24.7,15.8,16.8,TFS,13.7,TFS,Attendance_2021_Dec062021.csv,
2020-21,School,629,Clarke County,2056,Barnett Shoals Elementary School,"PK,KK,01,02,03,04,05",474,48.1,26.2,25.7,TFS,TFS,TFS,TFS,TFS,TFS,TFS,TFS,261,34.5,29.1,36.4,122,70.5,18.9,10.7,48,56.3,27.1,16.7,34,52.9,32.4,14.7,234,45.3,28.6,26.1,240,50.8,23.8,25.4,81,35.8,24.7,39.5,393,50.6,26.5,22.9,474,48.1,26.2,25.7,TFS,TFS,TFS,TFS,37,62.2,27,10.8,TFS,TFS,TFS,TFS,28.3,TFS,TFS,39.5,13.9,16.7,14.7,28.2,28.3,44.4,24.9,28.3,TFS,10.8,TFS,Attendance_2021_Dec062021.csv,
2020-21,School,629,Clarke County,2062,Winterville Elementary School,"PK,KK,01,02,03,04,05",355,47.0,30.4,22.5,TFS,TFS,TFS,TFS,TFS,TFS,TFS,TFS,165,44.8,23.6,31.5,73,50.7,28.8,20.5,103,49.5,41.7,8.7,12,33.3,41.7,25,176,51.1,28.4,20.5,179,43,32.4,24.6,66,36.4,30.3,33.3,289,49.5,30.4,20.1,355,47,30.4,22.5,TFS,TFS,TFS,TFS,81,50.6,43.2,6.2,TFS,TFS,TFS,TFS,27.9,TFS,TFS,33.9,34.2,10.7,50,26.7,29.1,33.3,26.6,27.9,TFS,9.9,TFS,Attendance_2021_Dec062021.csv,
2020-21,School,629,Clarke County,3056,Barrow Elementary School,"PK,KK,01,02,03,04,05",473,57.3,19.0,23.7,TFS,TFS,TFS,TFS,29,93.1,6.9,0,206,26.2,25.7,48.1,187,85,13.4,1.6,28,75,10.7,14.3,22,45.5,31.8,22.7,223,58.7,15.2,26,250,56,22.4,21.6,54,37,20.4,42.6,419,59.9,18.9,21.2,473,57.3,19,23.7,TFS,TFS,TFS,TFS,46,82.6,13,4.3,TFS,TFS,TFS,TFS,26.6,TFS,3.4,52.4,2.1,25,22.7,28.7,24.8,44.4,24.3,26.6,TFS,8.7,TFS,Attendance_2021_Dec062021.csv,
2020-21,School,629,Clarke County,3058,Fowler Drive Elementary School,"PK,KK,01,02,03,04,05",413,46.7,28.6,24.7,TFS,TFS,TFS,TFS,TFS,TFS,TFS,TFS,160,36.3,26.9,36.9,33,51.5,33.3,15.2,207,53.6,29.5,16.9,13,53.8,23.1,23.1,217,48.8,25.8,25.3,196,44.4,31.6,24,45,42.2,33.3,24.4,368,47.3,28,24.7,413,46.7,28.6,24.7,TFS,TFS,TFS,TFS,178,55.6,30.3,14,TFS,TFS,TFS,TFS,27.6,TFS,TFS,39.4,33.3,17.9,23.1,28.6,26.5,24.4,28,27.6,TFS,15.7,TFS,Attendance_2021_Dec062021.csv,
2020-21,School,629,Clarke County,4060,Oglethorpe Avenue Elementary School,"PK,KK,01,02,03,04,05",551,55.0,24.5,20.5,TFS,TFS,TFS,TFS,TFS,TFS,TFS,TFS,211,49.8,26.1,24.2,110,73.6,20,6.4,207,51.2,25.6,23.2,20,45,25,30,282,55.3,23.4,21.3,269,54.6,25.7,19.7,88,50,27.3,22.7,463,55.9,24,20.1,551,55,24.5,20.5,TFS,TFS,TFS,TFS,171,51.5,26.9,21.6,TFS,TFS,TFS,TFS,23.6,TFS,TFS,28.9,9.1,24.6,35,24.8,22.3,23.9,23.5,23.6,TFS,22.8,TFS,Attendance_2021_Dec062021.csv,
2020-21,School,629,Clarke County,5056,Chase Street Elementary School,"PK,KK,01,02,03,04,05",455,58.0,20.7,21.3,TFS,TFS,TFS,TFS,TFS,TFS,TFS,TFS,158,27.2,26.6,46.2,231,78.4,16.5,5.2,35,60,25.7,14.3,25,56,20,24,233,57.5,21.9,20.6,222,58.6,19.4,22.1,47,46.8,21.3,31.9,408,59.3,20.6,20.1,455,58,20.7,21.3,TFS,TFS,TFS,TFS,20,55,30,15,TFS,TFS,TFS,TFS,22.9,TFS,TFS,48.7,6.5,14.3,24,21,24.8,34,21.6,22.9,TFS,15,TFS,Attendance_2021_Dec062021.csv,
2020-21,School,629,Clarke County,5058,Hilsman Middle School,"06,07,08",691,52.0,19.5,28.5,TFS,TFS,TFS,TFS,TFS,TFS,TFS,TFS,425,44,21.4,34.6,132,69.7,14.4,15.9,93,55.9,18.3,25.8,30,60,23.3,16.7,332,51.5,20.2,28.3,359,52.4,18.9,28.7,163,49.7,17.8,32.5,528,52.7,20.1,27.3,691,52,19.5,28.5,TFS,TFS,TFS,TFS,57,50.9,22.8,26.3,TFS,TFS,TFS,TFS,30.4,TFS,TFS,36,18.2,29,20,30.1,30.6,34.4,29.2,30.4,TFS,31.6,TFS,Attendance_2021_Dec062021.csv,
2020-21,School,629,Clarke County,5556,Clarke Central High School,"09,10,11,12",1842,50.1,18.6,31.4,TFS,TFS,TFS,TFS,46,63,23.9,13,791,42.2,19.7,38.1,491,64.6,17.7,17.7,435,47.4,18.4,34.3,77,44.2,10.4,45.5,923,53.5,19.6,26.9,919,46.6,17.5,35.9,259,37.5,21.6,40.9,1583,52.1,18.1,29.8,1842,50.1,18.6,31.4,TFS,TFS,TFS,TFS,106,41.5,27.4,31.1,TFS,TFS,TFS,TFS,33.0,TFS,13,40.3,18.3,35.6,48.1,28.5,37.4,42.5,31.4,33,TFS,34.9,TFS,Attendance_2021_Dec062021.csv,
2020-21,District,629,Clarke County,ALL,All Column Values,"PK,KK,01,02,03,04,05,06,07,08,09,10,11,12",12634,49.6,22.9,27.5,20,40,15,45,204,81.9,10.3,7.8,6123,39.8,23.6,36.6,2582,67.7,19.1,13.2,3136,52.4,25.2,22.4,569,46.6,24.1,29.3,6185,51,23,26,6449,48.3,22.7,28.9,2006,40.9,23.7,35.4,10628,51.3,22.7,26,12634,49.6,22.9,27.5,TFS,TFS,TFS,TFS,1969,54.4,28.2,17.3,43,20.9,25.6,53.5,30.3,45,8.8,39.4,16,24.8,33.9,28.9,31.6,38.1,28.8,30.3,TFS,20.1,60.5,Attendance_2021_Dec062021.csv,
2022-23,District,629,Clarke County,ALL,All Column Values,"PK,KK,01,02,03,04,05,06,07,08,09,10,11,12",12590,30.4,39.7,29.9,28,25,53.6,21.4,181,41.4,40.3,18.2,5849,30,36.2,33.8,2569,33,45.3,21.8,3339,29.4,41.3,29.4,624,26.4,41,32.5,6173.0,31.1,39.1,29.9,6417,29.8,40.3,29.9,2180,27.6,39.8,32.6,10410,31,39.7,29.3,12590,30.4,39.7,29.9,,,,,2263,33.7,41.1,25.2,29,37.9,34.5,27.6,29.4,39.3,21,34,20.6,28.1,31.7,29.1,29.6,33,28.6,29.4,,24,24.1,Attendance_2022-23_2023-12-15_18_55_15.csv,Attendance
2022-23,School,629,Clarke County,0105,Alps Road Elementary School,"PK,KK,01,02,03,04,05",330,28.8,34.8,36.4,TFS,TFS,100,TFS,TFS,50,50,TFS,259,31.7,34.7,33.6,22,18.2,27.3,54.5,32,15.6,34.4,50,12,16.7,41.7,41.7,166.0,31.3,30.1,38.6,164,26.2,39.6,34.1,67,28.4,35.8,35.8,263,28.9,34.6,36.5,330,28.8,34.8,36.4,,,,,24,41.7,33.3,25,,,,,37.9,100,TFS,34.4,50,59.4,41.7,39.8,36,31.3,39.5,37.9,,29.2,,Attendance_2022-23_2023-12-15_18_55_15.csv,Attendance
2022-23,School,629,Clarke County,2056,Barnett Shoals Elementary School,"PK,KK,01,02,03,04,05",452,29.6,48.2,22.1,,,,,TFS,40,40,20,226,27,46.9,26.1,126,32.5,54,13.5,53,28.3,45.3,26.4,42,35.7,42.9,21.4,245.0,31.0,47.8,21.2,207,28.0,48.8,23.2,97,25.8,47.4,26.8,355,30.7,48.5,20.8,452,29.6,48.2,22.1,,,,,35,40,34.3,25.7,,,,,19.5,,20,23.9,10.3,24.5,16.7,18,21.3,24.7,18,19.5,,28.6,,Attendance_2022-23_2023-12-15_18_55_15.csv,Attendance
2022-23,School,629,Clarke County,3056,Barrow Elementary School,"PK,KK,01,02,03,04,05",427,38.4,39.3,22.2,TFS,TFS,75,25,28,64.3,35.7,TFS,179,22.3,36.9,40.8,167,51.5,40.7,7.8,31,41.9,41.9,16.1,18,38.9,44.4,16.7,205.0,39.5,39,21.5,222,37.4,39.6,23,63,27,47.6,25.4,364,40.4,37.9,21.7,427,38.4,39.3,22.2,,,,,48,54.2,41.7,4.2,,,,,20.6,50,3.6,35.8,7.2,19.4,16.7,20,21.2,23.8,20.1,20.6,,8.3,,Attendance_2022-23_2023-12-15_18_55_15.csv,Attendance
2022-23,School,629,Clarke County,0296,Burney-Harris-Lyons Middle School,"06,07,08",772,34.2,41.3,24.5,TFS,TFS,100,TFS,17,29.4,47.1,23.5,329,37.7,37.4,24.9,116,37.1,42.2,20.7,283,30.4,45.2,24.4,26,23.1,38.5,38.5,370.0,35.1,37.6,27.3,402,33.3,44.8,21.9,108,37,33.3,29.6,664,33.7,42.6,23.6,772,34.2,41.3,24.5,,,,,237,33.8,43,23.2,TFS,100,TFS,TFS,22.5,TFS,29.4,24.3,19,20.8,30.8,23.8,21.4,26.9,21.8,22.5,,20.7,TFS,Attendance_2022-23_2023-12-15_18_55_15.csv,Attendance
2022-23,School,629,Clarke County,0102,Cedar Shoals High School,"09,10,11,12",1584,20.3,32.4,47.3,TFS,TFS,100,TFS,16,37.5,50,12.5,763,19.5,27.9,52.6,203,27.1,37.4,35.5,527,19.5,35.9,44.6,74,12.2,35.1,52.7,751.0,18.1,32.5,49.4,833,22.3,32.3,45.4,278,26.3,32.7,41,1306,19.1,32.3,48.6,1584,20.3,32.4,47.3,,,,,227,21.1,32.2,46.7,TFS,33.3,50,16.7,48.9,TFS,12.5,55.4,36.5,44.6,54.1,50.3,47.5,46.8,49.3,48.9,,47.1,16.7,Attendance_2022-23_2023-12-15_18_55_15.csv,Attendance
2022-23,School,629,Clarke County,5056,Chase Street Elementary School,"PK,KK,01,02,03,04,05",460,29.6,51.1,19.3,TFS,TFS,100,TFS,TFS,50,25,25,165,23.6,44.2,32.1,228,31.1,57.5,11.4,41,41.5,46.3,12.2,21,33.3,47.6,19,239.0,33.5,49.4,17.2,221,25.3,52.9,21.7,48,27.1,50,22.9,412,29.9,51.2,18.9,460,29.6,51.1,19.3,,,,,23,34.8,52.2,13,TFS,TFS,100,TFS,20,TFS,25,35.8,8.8,19.5,19,15.9,24.4,29.2,18.9,20,,21.7,TFS,Attendance_2022-23_2023-12-15_18_55_15.csv,Attendance
2022-23,School,629,Clarke County,5556,Clarke Central High School,"09,10,11,12",1964,29.2,33.8,37,TFS,TFS,100,TFS,46,30.4,37,32.6,825,27.6,30.4,41.9,488,29.7,42,28.3,511,31.5,31.3,37.2,93,28,31.2,40.9,965.0,28.5,33.6,37.9,999,29.9,33.9,36.1,304,23.7,32.9,43.4,1660,30.2,33.9,35.8,1964,29.2,33.8,37,,,,,186,30.1,31.7,38.2,TFS,50,TFS,50,37.3,TFS,39.1,42.5,28.5,36.4,41.9,38.3,36.3,45.4,35.8,37.3,,39.8,50,Attendance_2022-23_2023-12-15_18_55_15.csv,Attendance
2022-23,School,629,Clarke County,1058,Clarke Middle School,"06,07,08",761,35.7,35.9,28.4,TFS,20,60,20,15,53.3,40,6.7,365,32.3,31.5,36.2,255,42,38.8,19.2,79,32.9,39.2,27.8,42,28.6,45.2,26.2,360.0,32.5,36.7,30.8,401,38.7,35.2,26.2,137,27,32.8,40.1,624,37.7,36.5,25.8,761,35.7,35.9,28.4,,,,,62,37.1,38.7,24.2,TFS,TFS,33.3,66.7,28,80,6.7,36.4,16.9,22.8,33.3,28.9,27.2,35,26.4,28,,17.7,33.3,Attendance_2022-23_2023-12-15_18_55_15.csv,Attendance
2022-23,School,629,Clarke County,0104,Classic City High School,"09,10,11,12",60,23.3,30,46.7,,,,,,,,,46,23.9,28.3,47.8,TFS,TFS,16.7,83.3,TFS,40,40,20,TFS,33.3,66.7,TFS,37.0,29.7,29.7,40.5,23,13.0,30.4,56.5,11,27.3,45.5,27.3,49,22.4,26.5,51,60,23.3,30,46.7,,,,,,,,,,,,,66.7,,,63,100,40,100,59.5,78.3,54.5,69.4,66.7,,,,Attendance_2022-23_2023-12-15_18_55_15.csv,Attendance
2022-23,School,629,Clarke County,0191,Cleveland Road Elementary School,"PK,KK,01,02,03,04,05",277,34.7,48,17.3,TFS,100,TFS,TFS,TFS,28.6,71.4,TFS,124,41.1,45.2,13.7,63,28.6,52.4,19,56,23.2,58.9,17.9,26,42.3,23.1,34.6,141.0,35.5,41.8,22.7,136,33.8,54.4,11.8,63,23.8,60.3,15.9,214,37.9,44.4,17.8,277,34.7,48,17.3,,,,,47,29.8,53.2,17,,,,,20.2,TFS,28.6,17.7,20.6,19.6,30.8,24.1,16.2,20.6,20.1,20.2,,17,,Attendance_2022-23_2023-12-15_18_55_15.csv,Attendance
2022-23,School,629,Clarke County,0196,Coile Middle School,"06,07,08",694,30.1,38.9,31,,,,,TFS,TFS,50,50,321,32.1,34.6,33.3,47,23.4,31.9,44.7,308,29.2,44.8,26,16,31.3,31.3,37.5,345.0,32.5,37.1,30.4,349,27.8,40.7,31.5,98,25.5,40.8,33.7,596,30.9,38.6,30.5,694,30.1,38.9,31,,,,,260,30.8,44.6,24.6,TFS,50,50,TFS,29.8,,50,31.5,46.8,24.7,43.8,29.6,30.1,29.6,29.9,29.8,,23.5,TFS,Attendance_2022-23_2023-12-15_18_55_15.csv,Attendance
2022-23,School,629,Clarke County,3058,Fowler Drive Elementary School,"PK,KK,01,02,03,04,05",378,37.0,45,18,TFS,100,TFS,TFS,TFS,TFS,100,TFS,145,41.4,42.1,16.6,38,39.5,28.9,31.6,178,34.3,49.4,16.3,15,20,60,20,185.0,36.8,46.5,16.8,193,37.3,43.5,19.2,63,27,44.4,28.6,315,39,45.1,15.9,378,37.0,45,18,,,,,143,37.8,49,13.3,TFS,66.7,33.3,TFS,18,TFS,TFS,18.6,23.7,15.7,26.7,17.8,18.1,28.6,15.9,18,,11.2,TFS,Attendance_2022-23_2023-12-15_18_55_15.csv,Attendance
2022-23,School,629,Clarke County,0205,Gaines Elementary School,"PK,KK,01,02,03,04,05",518,27.8,39.8,32.4,TFS,TFS,25,75,TFS,100,TFS,TFS,360,27.5,39.4,33.1,38,31.6,44.7,23.7,89,30.3,36,33.7,26,19.2,53.8,26.9,249.0,27.7,41.8,30.5,269,27.9,37.9,34.2,101,30.7,39.6,29.7,417,27.1,39.8,33.1,518,27.8,39.8,32.4,,,,,68,35.3,35.3,29.4,TFS,50,50,TFS,32.8,50,TFS,35.3,31.6,27,19.2,29.7,35.7,32.7,32.9,32.8,,17.6,TFS,Attendance_2022-23_2023-12-15_18_55_15.csv,Attendance
2022-23,School,629,Clarke County,5058,Hilsman Middle School,"06,07,08",683,31.9,39.1,29,TFS,100,TFS,TFS,TFS,42.9,28.6,28.6,395,30.1,38.2,31.6,140,36.4,42.1,21.4,92,28.3,46.7,25,47,36.2,25.5,38.3,338.0,33.7,37,29.3,345,30.1,41.2,28.7,168,31,34.5,34.5,515,32.2,40.6,27.2,683,31.9,39.1,29,,,,,70,31.4,42.9,25.7,,,,,28.6,50,28.6,29.9,23.6,27.2,34,30.8,26.4,38.1,25.4,28.6,,27.1,,Attendance_2022-23_2023-12-15_18_55_15.csv,Attendance
2022-23,School,629,Clarke County,0291,Howard B. Stroud Elementary School,"PK,KK,01,02,03,04,05",362,31.2,38.7,30.1,,,,,,,,,258,31,37.2,31.8,18,16.7,44.4,38.9,72,36.1,43.1,20.8,14,28.6,35.7,35.7,177.0,35.6,37.3,27.1,185,27.0,40,33,102,30.4,38.2,31.4,260,31.5,38.8,29.6,362,31.2,38.7,30.1,,,,,53,43.4,39.6,17,,,,,33.4,,,34.9,38.9,23.6,50,32.2,34.6,31.4,34.2,33.4,,20.8,,Attendance_2022-23_2023-12-15_18_55_15.csv,Attendance
2022-23,School,629,Clarke County,0112,Judia Jackson Harris Elementary,"PK,KK,01,02,03,04,05",376,31.6,47.1,21.3,TFS,TFS,100,TFS,,,,,84,31,38.1,31,18,27.8,50,22.2,267,32.6,48.7,18.7,TFS,20,80,TFS,168.0,33.3,45.8,20.8,208,30.3,48.1,21.6,62,32.3,48.4,19.4,314,31.5,46.8,21.7,376,31.6,47.1,21.3,,,,,217,35.9,46.5,17.5,,,,,18.4,TFS,,29.8,16.7,15,20,17.3,19.2,14.5,19.1,18.4,,14.3,,Attendance_2022-23_2023-12-15_18_55_15.csv,Attendance
2022-23,School,629,Clarke County,4060,Oglethorpe Avenue Elementary School,"PK,KK,01,02,03,04,05",546,33.7,41.8,24.5,,,,,TFS,66.7,TFS,33.3,215,40.5,38.6,20.9,119,30.3,54.6,15.1,177,28.2,37.3,34.5,32,28.1,43.8,28.1,267.0,33.0,43.4,23.6,279,34.4,40.1,25.4,99,38.4,40.4,21.2,447,32.7,42.1,25.3,546,33.7,41.8,24.5,,,,,145,33.1,36.6,30.3,TFS,TFS,33.3,66.7,20,,TFS,15.3,12.6,29.9,25,18,21.9,20.2,19.9,20,,25.5,66.7,Attendance_2022-23_2023-12-15_18_55_15.csv,Attendance
2022-23,School,629,Clarke County,0178,Timothy Elementary School,"PK,KK,01,02,03,04,05",520,33.5,48.7,17.9,TFS,100,TFS,TFS,14,28.6,42.9,28.6,215,38.1,44.7,17.2,191,31.4,53.4,15.2,56,23.2,50,26.8,42,31,50,19,255.0,37.3,46.3,16.5,265,29.8,50.9,19.2,114,22.8,50,27.2,406,36.5,48.3,15.3,520,33.5,48.7,17.9,,,,,43,32.6,39.5,27.9,,,,,17.3,TFS,28.6,20.5,11,25,16.7,16.1,18.5,25.4,15,17.3,,30.2,,Attendance_2022-23_2023-12-15_18_55_15.csv,Attendance
2022-23,School,629,Clarke County,0391,Whit Davis Road Elementary School,"PK,KK,01,02,03,04,05",419,25.8,44.2,30.1,,,,,TFS,100,TFS,TFS,200,28,36,36,111,23.4,59.5,17.1,70,25.7,37.1,37.1,37,18.9,56.8,24.3,182.0,26.4,46.2,27.5,237,25.3,42.6,32.1,65,18.5,47.7,33.8,354,27.1,43.5,29.4,419,25.8,44.2,30.1,,,,,41,26.8,36.6,36.6,,,,,26.3,,TFS,32.5,13.5,32.9,18.9,24.2,27.8,29.2,25.7,26.3,,39,,Attendance_2022-23_2023-12-15_18_55_15.csv,Attendance
2022-23,School,629,Clarke County,1062,Whitehead Road Elementary School,"PK,KK,01,02,03,04,05",657,34.9,46.6,18.6,TFS,TFS,TFS,100,TFS,55.6,44.4,TFS,224,39.3,45.5,15.2,104,34.6,45.2,20.2,298,31.9,48,20.1,21,23.8,47.6,28.6,350.0,37.4,47.1,15.4,307,31.9,45.9,22.1,68,26.5,52.9,20.6,589,35.8,45.8,18.3,657,34.9,46.6,18.6,,,,,245,35.9,47.3,16.7,TFS,100,TFS,TFS,16.4,100,TFS,10.3,19.2,20.1,19,12.9,20.5,17.6,16.3,16.4,,16.7,TFS,Attendance_2022-23_2023-12-15_18_55_15.csv,Attendance
2022-23,School,629,Clarke County,2062,Winterville Elementary School,"PK,KK,01,02,03,04,05",350,34.3,41.1,24.6,TFS,TFS,100,TFS,TFS,TFS,TFS,100,151,34.4,41.7,23.8,71,31,39.4,29.6,114,40.4,38.6,21.1,12,TFS,66.7,33.3,178.0,37.1,38.8,24.2,172,31.4,43.6,25,64,28.1,46.9,25,286,35.7,39.9,24.5,350,34.3,41.1,24.6,,,,,89,46.1,36,18,TFS,TFS,TFS,100,20,TFS,TFS,19.9,26.8,17.5,8.3,20.2,19.8,26.6,18.5,20,,13.5,100,Attendance_2022-23_2023-12-15_18_55_15.csv,Attendance
2021-22,School,629,Clarke County,0102,Cedar Shoals High School,"09,10,11,12",1647,19,24.8,56.2,TFS,TFS,TFS,TFS,17,64.7,29.4,5.9,860,16.5,22.1,61.4,208,27.9,30.8,41.3,501,17.6,26.9,55.5,58,24.1,22.4,53.4,801,19.1,25,55.9,846,18.9,24.6,56.5,285,17.9,22.8,59.3,1362,19.2,25.2,55.6,1647,19,24.8,56.2,TFS,TFS,TFS,TFS,138,14.5,23.9,61.6,TFS,TFS,TFS,TFS,57.6,TFS,5.9,65.6,39.4,53.3,56.9,57.1,58.2,63.5,56.4,57.6,TFS,54.3,TFS,Attendance_2022_Dec072022.csv,
2021-22,School,629,Clarke County,0104,Classic City High School,"09,10,11,12",49,20.4,24.5,55.1,TFS,TFS,TFS,TFS,TFS,TFS,TFS,TFS,41,14.6,26.8,58.5,TFS,TFS,TFS,TFS,TFS,TFS,TFS,TFS,TFS,TFS,TFS,TFS,31,19.4,19.4,61.3,18,22.2,33.3,44.4,11,36.4,27.3,36.4,38,15.8,23.7,60.5,49,20.4,24.5,55.1,TFS,TFS,TFS,TFS,TFS,TFS,TFS,TFS,TFS,TFS,TFS,TFS,63.3,TFS,TFS,65.9,TFS,TFS,TFS,67.7,55.6,36.4,71.1,63.3,TFS,TFS,TFS,Attendance_2022_Dec072022.csv,
2021-22,School,629,Clarke County,0105,Alps Road Elementary School,"PK,KK,01,02,03,04,05",351,21.1,38.2,40.7,TFS,TFS,TFS,TFS,TFS,TFS,TFS,TFS,270,21.1,39.3,39.6,25,28,32,40,33,24.2,39.4,36.4,18,5.6,22.2,72.2,183,23,37.2,39.9,168,19,39.3,41.7,63,15.9,33.3,50.8,288,22.2,39.2,38.5,351,21.1,38.2,40.7,TFS,TFS,TFS,TFS,17,47.1,41.2,11.8,TFS,TFS,TFS,TFS,40.7,TFS,TFS,38.1,48,48.5,61.1,40.4,41.1,55.6,37.5,40.7,TFS,17.6,TFS,Attendance_2022_Dec072022.csv,
2021-22,School,629,Clarke County,0112,Judia Jackson Harris Elementary,"PK,KK,01,02,03,04,05",381,35.2,47.2,17.6,TFS,TFS,TFS,TFS,TFS,TFS,TFS,TFS,95,38.9,38.9,22.1,24,54.2,25,20.8,261,32.2,52.1,15.7,TFS,TFS,TFS,TFS,175,38.9,44,17.1,206,32,50,18,54,42.6,42.6,14.8,327,33.9,48,18,381,35.2,47.2,17.6,TFS,TFS,TFS,TFS,228,32.5,53.5,14,TFS,TFS,TFS,TFS,15.7,TFS,TFS,17.9,29.2,13.8,TFS,16,15.5,16.7,15.6,15.7,TFS,13.2,TFS,Attendance_2022_Dec072022.csv,
2021-22,School,629,Clarke County,0178,Timothy Elementary School,"PK,KK,01,02,03,04,05",526,36.9,42.8,20.3,TFS,TFS,TFS,TFS,19,31.6,52.6,15.8,207,36.7,38.6,24.6,194,42.8,45.9,11.3,65,32.3,40,27.7,41,19.5,48.8,31.7,243,35.4,42.4,22.2,283,38.2,43.1,18.7,88,33,39.8,27.3,438,37.7,43.4,18.9,526,36.9,42.8,20.3,TFS,TFS,TFS,TFS,52,40.4,36.5,23.1,TFS,TFS,TFS,TFS,21.9,TFS,21.1,23.7,12.9,36.9,31.7,21.4,22.3,30.7,20.1,21.9,TFS,32.7,TFS,Attendance_2022_Dec072022.csv,
2021-22,School,629,Clarke County,0191,Cleveland Road Elementary School,"PK,KK,01,02,03,04,05",306,34.6,43.5,21.9,TFS,TFS,TFS,TFS,TFS,TFS,TFS,TFS,145,38.6,37.9,23.4,61,37.7,42.6,19.7,60,21.7,60,18.3,31,22.6,48.4,29,148,39.2,39.9,20.9,158,30.4,46.8,22.8,83,26.5,49.4,24.1,223,37.7,41.3,21.1,306,34.6,43.5,21.9,TFS,TFS,TFS,TFS,50,36,50,14,TFS,TFS,TFS,TFS,24.5,TFS,TFS,29,23,15,29,24.3,24.7,32.5,21.5,24.5,TFS,12,TFS,Attendance_2022_Dec072022.csv,
2021-22,School,629,Clarke County,0196,Coile Middle School,"06,07,08",734,31.9,35.1,33,TFS,TFS,TFS,TFS,TFS,TFS,TFS,TFS,358,30.7,32.7,36.6,41,29.3,29.3,41.5,315,32.4,40,27.6,18,55.6,11.1,33.3,366,31.4,38,30.6,368,32.3,32.3,35.3,128,32,27.3,40.6,606,31.8,36.8,31.4,734,31.9,35.1,33,TFS,TFS,TFS,TFS,238,31.5,40.3,28.2,TFS,TFS,TFS,TFS,32.6,TFS,TFS,36,51.2,26,33.3,30.6,34.5,40.6,30.9,32.6,TFS,26.5,TFS,Attendance_2022_Dec072022.csv,
2021-22,School,629,Clarke County,0205,Gaines Elementary School,"PK,KK,01,02,03,04,05",507,24.3,36.1,39.6,TFS,TFS,TFS,TFS,TFS,TFS,TFS,TFS,348,22.1,33.6,44.3,38,34.2,34.2,31.6,90,23.3,51.1,25.6,28,42.9,25,32.1,245,24.1,37.6,38.4,262,24.4,34.7,40.8,91,24.2,39.6,36.3,416,24.3,35.3,40.4,507,24.3,36.1,39.6,TFS,TFS,TFS,TFS,69,29,52.2,18.8,TFS,TFS,TFS,TFS,41.8,TFS,TFS,45.1,36.8,31.1,35.7,42,41.6,37.4,42.8,41.8,TFS,21.7,TFS,Attendance_2022_Dec072022.csv,
2021-22,School,629,Clarke County,0291,Howard B. Stroud Elementary School,"PK,KK,01,02,03,04,05",394,32.7,35.5,31.7,TFS,TFS,TFS,TFS,TFS,TFS,TFS,TFS,293,32.4,35.2,32.4,16,12.5,37.5,50,62,33.9,43.5,22.6,21,47.6,14.3,38.1,206,35.9,32.5,31.6,188,29.3,38.8,31.9,86,27.9,38.4,33.7,308,34.1,34.7,31.2,394,32.7,35.5,31.7,TFS,TFS,TFS,TFS,41,41.5,43.9,14.6,TFS,TFS,TFS,TFS,34.8,TFS,TFS,37.2,43.8,22.6,33.3,36.4,33,34.9,34.7,34.8,TFS,14.6,TFS,Attendance_2022_Dec072022.csv,
2021-22,School,629,Clarke County,0296,Burney-Harris-Lyons Middle School,"06,07,08",754,39.5,34.6,25.9,TFS,TFS,TFS,TFS,20,75,20,5,322,40.4,35.1,24.5,109,40.4,31.2,28.4,276,37,36.6,26.4,27,25.9,33.3,40.7,365,38.9,34.5,26.6,389,40.1,34.7,25.2,122,41,30.3,28.7,632,39.2,35.4,25.3,754,39.5,34.6,25.9,TFS,TFS,TFS,TFS,213,37.6,33.8,28.6,TFS,TFS,TFS,TFS,24.3,TFS,5,24.8,27.5,22.5,37,24.4,24.2,30.3,23.1,24.3,TFS,23.9,TFS,Attendance_2022_Dec072022.csv,
2021-22,School,629,Clarke County,0391,Whit Davis Road Elementary School,"PK,KK,01,02,03,04,05",423,25.1,45.9,29.1,TFS,TFS,TFS,TFS,TFS,TFS,TFS,TFS,194,21.1,40.2,38.7,131,34.4,51.1,14.5,66,12.1,50,37.9,29,37.9,55.2,6.9,190,27.4,43.7,28.9,233,23.2,47.6,29.2,54,22.2,48.1,29.6,369,25.5,45.5,29,423,25.1,45.9,29.1,TFS,TFS,TFS,TFS,43,11.6,51.2,37.2,TFS,TFS,TFS,TFS,27.7,TFS,TFS,35.6,14.5,36.4,10.3,27.9,27.5,25.9,27.9,27.7,TFS,37.2,TFS,Attendance_2022_Dec072022.csv,
2021-22,School,629,Clarke County,1058,Clarke Middle School,"06,07,08",811,35.6,32.3,32.1,TFS,TFS,TFS,TFS,11,45.5,27.3,27.3,389,28.8,30.3,40.9,280,46.8,35,18.2,79,27.8,43,29.1,51,35.3,17.6,47.1,377,32.9,33.4,33.7,434,38,31.3,30.6,169,21.3,32.5,46.2,642,39.4,32.2,28.3,811,35.6,32.3,32.1,TFS,TFS,TFS,TFS,54,31.5,38.9,29.6,TFS,TFS,TFS,TFS,33.9,TFS,27.3,43.4,18.2,36.7,45.1,35.5,32.5,45.6,30.8,33.9,TFS,29.6,TFS,Attendance_2022_Dec072022.csv,
2021-22,School,629,Clarke County,1062,Whitehead Road Elementary School,"PK,KK,01,02,03,04,05",670,34.8,44.3,20.9,TFS,TFS,TFS,TFS,TFS,TFS,TFS,TFS,260,35.4,43.1,21.5,108,38,50.9,11.1,273,33,44,23.1,20,15,45,40,326,35.3,45.4,19.3,344,34.3,43.3,22.4,68,38.2,36.8,25,602,34.4,45.2,20.4,670,34.8,44.3,20.9,TFS,TFS,TFS,TFS,241,36.9,43.6,19.5,TFS,TFS,TFS,TFS,20,TFS,TFS,23.1,13,19,35,19.3,20.6,20.6,19.9,20,TFS,17,TFS,Attendance_2022_Dec072022.csv,
2021-22,School,629,Clarke County,2056,Barnett Shoals Elementary School,"PK,KK,01,02,03,04,05",470,36.2,38.1,25.7,TFS,TFS,TFS,TFS,TFS,TFS,TFS,TFS,252,34.1,38.9,27,118,40.7,40.7,18.6,55,36.4,36.4,27.3,39,35.9,30.8,33.3,234,37.2,41,21.8,236,35.2,35.2,29.7,87,31,32.2,36.8,383,37.3,39.4,23.2,470,36.2,38.1,25.7,TFS,TFS,TFS,TFS,39,43.6,33.3,23.1,TFS,TFS,TFS,TFS,27.7,TFS,TFS,30.6,19.5,25.5,33.3,24.4,30.9,39.1,25.1,27.7,TFS,23.1,TFS,Attendance_2022_Dec072022.csv,
2021-22,School,629,Clarke County,2062,Winterville Elementary School,"PK,KK,01,02,03,04,05",349,26.9,41,32.1,TFS,TFS,TFS,TFS,TFS,TFS,TFS,TFS,149,25.5,44.3,30.2,73,23.3,38.4,38.4,116,31.9,40.5,27.6,TFS,TFS,TFS,TFS,161,28.6,41.6,29.8,188,25.5,40.4,34,65,26.2,41.5,32.3,284,27.1,40.8,32,349,26.9,41,32.1,TFS,TFS,TFS,TFS,96,38.5,35.4,26,TFS,TFS,TFS,TFS,28.1,TFS,TFS,23.5,35.6,28.4,TFS,26.7,29.3,32.3,27.1,28.1,TFS,27.1,TFS,Attendance_2022_Dec072022.csv,
2021-22,School,629,Clarke County,3056,Barrow Elementary School,"PK,KK,01,02,03,04,05",454,39.4,39.2,21.4,TFS,TFS,TFS,TFS,30,46.7,50,3.3,202,22.3,39.1,38.6,169,53.3,42,4.7,28,60.7,17.9,21.4,23,56.5,26.1,17.4,218,39.4,39.9,20.6,236,39.4,38.6,22,53,26.4,41.5,32.1,401,41.1,38.9,20,454,39.4,39.2,21.4,TFS,TFS,TFS,TFS,45,55.6,35.6,8.9,TFS,TFS,TFS,TFS,22,TFS,6.7,40.1,4.1,17.9,21.7,22.9,21.2,32.1,20.7,22,TFS,8.9,TFS,Attendance_2022_Dec072022.csv,
2021-22,School,629,Clarke County,3058,Fowler Drive Elementary School,"PK,KK,01,02,03,04,05",388,31.2,44.1,24.7,TFS,TFS,TFS,TFS,TFS,TFS,TFS,TFS,150,30,39.3,30.7,26,15.4,53.8,30.8,198,34.3,45.5,20.2,14,28.6,57.1,14.3,195,32.3,43.1,24.6,193,30.1,45.1,24.9,43,20.9,39.5,39.5,345,32.5,44.6,22.9,388,31.2,44.1,24.7,TFS,TFS,TFS,TFS,164,34.1,45.7,20.1,TFS,TFS,TFS,TFS,25.5,TFS,TFS,35.3,38.5,17.2,14.3,25.1,25.9,34.9,24.3,25.5,TFS,16.5,TFS,Attendance_2022_Dec072022.csv,
2021-22,School,629,Clarke County,4060,Oglethorpe Avenue Elementary School,"PK,KK,01,02,03,04,05",578,30.6,43.8,25.6,TFS,TFS,TFS,TFS,TFS,TFS,TFS,TFS,224,30.8,41.5,27.7,131,32.8,53.4,13.7,194,27.8,41.2,30.9,26,38.5,30.8,30.8,289,29.8,45.7,24.6,289,31.5,41.9,26.6,103,27.2,42.7,30.1,475,31.4,44,24.6,578,30.6,43.8,25.6,TFS,TFS,TFS,TFS,166,30.1,42.8,27.1,TFS,TFS,TFS,TFS,25.4,TFS,TFS,27.7,15.3,28.9,34.6,25.3,25.6,30.1,24.4,25.4,TFS,25.3,TFS,Attendance_2022_Dec072022.csv,
2021-22,School,629,Clarke County,5056,Chase Street Elementary School,"PK,KK,01,02,03,04,05",458,36.2,39.1,24.7,TFS,TFS,TFS,TFS,TFS,TFS,TFS,TFS,161,25.5,30.4,44.1,230,44.8,44.8,10.4,37,29.7,43.2,27,23,26.1,39.1,34.8,232,37.9,38.8,23.3,226,34.5,39.4,26.1,44,34.1,34.1,31.8,414,36.5,39.6,23.9,458,36.2,39.1,24.7,TFS,TFS,TFS,TFS,21,38.1,33.3,28.6,TFS,TFS,TFS,TFS,22.9,TFS,TFS,44.1,6.5,29.7,34.8,19.8,26.1,36.4,21.5,22.9,TFS,33.3,TFS,Attendance_2022_Dec072022.csv,
2021-22,School,629,Clarke County,5058,Hilsman Middle School,"06,07,08",713,25.9,36.9,37.2,TFS,TFS,TFS,TFS,10,90,10,0,422,23.5,34.6,41.9,138,28.3,39.1,32.6,98,26.5,44.9,28.6,43,25.6,39.5,34.9,358,27.1,36.3,36.6,355,24.8,37.5,37.7,171,26.9,33.3,39.8,542,25.6,38,36.3,713,25.9,36.9,37.2,TFS,TFS,TFS,TFS,68,32.4,41.2,26.5,TFS,TFS,TFS,TFS,38.6,TFS,10,44.3,31.9,26.5,39.5,38.8,38.3,42.7,37.3,38.6,TFS,26.5,TFS,Attendance_2022_Dec072022.csv,
2021-22,School,629,Clarke County,5556,Clarke Central High School,"09,10,11,12",1977,24.5,29.9,45.6,TFS,TFS,TFS,TFS,48,37.5,27.1,35.4,888,22.4,27.4,50.2,490,28.8,34.9,36.3,473,23.3,30,46.7,78,20.5,28.2,51.3,988,25.2,29.8,45,989,23.8,30,46.2,303,21.1,24.4,54.5,1674,25.1,30.9,44,1977,24.5,29.9,45.6,TFS,TFS,TFS,TFS,131,26.7,27.5,45.8,TFS,TFS,TFS,TFS,46.5,TFS,33.3,51.8,35.9,48,51.3,45.2,47.7,58.1,44.4,46.5,TFS,49.6,TFS,Attendance_2022_Dec072022.csv,
2021-22,District,629,Clarke County,ALL,All Column Values,"PK,KK,01,02,03,04,05,06,07,08,09,10,11,12",12940,29.5,35.9,34.6,22,27.3,22.7,50,192,51.6,32.3,16.1,6230,26.5,33.2,40.2,2612,36.7,39.7,23.6,3285,28.2,38.9,32.9,599,29.7,32.1,38.2,6331,29.9,35.9,34.1,6609,29.1,35.9,35,2171,26.3,33.1,40.6,10769,30.2,36.4,33.4,12940,29.5,35.9,34.6,TFS,TFS,TFS,TFS,2114,32.8,40.5,26.7,30,20,26.7,53.3,35.1,54.5,16.1,41.7,23.7,32,38.2,34.8,35.4,42.6,33.6,35.1,TFS,25.4,56.7,Attendance_2022_Dec072022.csv,
2023-24,District,629,Clarke County,ALL,All Column Values,"PK,KK,01,02,03,04,05,06,07,08,09,10,11,12",12681,29.3,40.3,30.4,29,17.2,37.9,44.8,189,55.6,29.6,14.8,5732,26.8,38.6,34.7,2548,34.3,43.1,22.7,3538,28.9,41.4,29.6,645,27.6,41.2,31.2,6131.0,29.9,40.4,29.7,6550,28.8,40.1,31,2268,24.2,40.3,35.5,10413,30.5,40.2,29.3,12681,29.3,40.3,30.4,,,,,2381,33.1,41.6,25.3,29,17.2,48.3,34.5,30.5,44.8,13.8,36,20.9,29.1,31.5,29.9,31,36.2,29.3,30.5,,25.7,41.4,Attendance_2023-24_2025-06-17_15_16_08.csv,Attendance
2023-24,School,629,Clarke County,2056,Barnett Shoals Elementary School,"PK,KK,01,02,03,04,05",478,28.0,46.9,25.1,,,,,TFS,50,12.5,37.5,230,19.6,49.1,31.3,138,34.8,48.6,16.7,60,38.3,43.3,18.3,42,33.3,40.5,26.2,245.0,30.6,47.8,21.6,233,25.3,45.9,28.8,103,25.2,45.6,29.1,375,28.8,47.2,24,478,28.0,46.9,25.1,,,,,37,45.9,35.1,18.9,,,,,23,,25,28.7,15.2,16.7,26.2,20,26.2,27.2,21.9,23,,18.9,,Attendance_2023-24_2025-06-17_15_16_08.csv,Attendance
2023-24,School,629,Clarke County,3056,Barrow Elementary School,"PK,KK,01,02,03,04,05",418,40.4,41.6,17.9,TFS,TFS,TFS,100,33,72.7,24.2,3,165,27.9,40,32.1,164,53,41.5,5.5,38,26.3,55.3,18.4,17,11.8,64.7,23.5,195.0,43.1,39,17.9,223,38.1,43.9,17.9,60,40,35,25,358,40.5,42.7,16.8,418,40.4,41.6,17.9,,,,,52,53.8,34.6,11.5,,,,,17.2,TFS,3,32.1,4.9,21.1,11.8,17.4,17,25,15.9,17.2,,11.5,,Attendance_2023-24_2025-06-17_15_16_08.csv,Attendance
2023-24,School,629,Clarke County,0105,Bettye Henderson Holston Elementary School,"PK,KK,01,02,03,04,05",332,26.5,41,32.5,TFS,TFS,TFS,100,TFS,75,25,TFS,249,26.9,44.2,28.9,13,7.7,23.1,69.2,48,29.2,31.3,39.6,17,17.6,41.2,41.2,159.0,26.4,45.9,27.7,173,26.6,36.4,37,70,28.6,38.6,32.9,262,26.0,41.6,32.4,332,26.5,41,32.5,,,,,42,38.1,28.6,33.3,,,,,37,TFS,TFS,33.3,61.5,52.1,41.2,33.3,40.5,32.9,38.2,37,,42.9,,Attendance_2023-24_2025-06-17_15_16_08.csv,Attendance
2023-24,School,629,Clarke County,0296,Burney-Harris-Lyons Middle School,"06,07,08",778,38.2,41.5,20.3,,,,,14,71.4,21.4,7.1,319,36.7,42.9,20.4,112,51.8,33.9,14.3,302,33.4,45,21.5,31,35.5,29,35.5,373.0,38.6,41.3,20.1,405,37.8,41.7,20.5,100,31,41,28,678,39.2,41.6,19.2,778,38.2,41.5,20.3,,,,,239,33.9,44.4,21.8,TFS,TFS,50,50,20.1,,14.3,20.1,15.2,21.5,25.8,18.8,21.2,30,18.6,20.1,,20.9,TFS,Attendance_2023-24_2025-06-17_15_16_08.csv,Attendance
2023-24,School,629,Clarke County,0102,Cedar Shoals High School,"09,10,11,12",1636,19.4,30,50.7,TFS,66.7,TFS,33.3,14,71.4,14.3,14.3,785,16.9,26.9,56.2,221,28.1,37.6,34.4,548,18.1,31.6,50.4,65,16.9,32.3,50.8,804.0,18.8,29.5,51.7,832,20.0,30.4,49.6,330,20,28.8,51.2,1306,19.2,30.2,50.5,1636,19.4,30,50.7,,,,,233,19.7,28.8,51.5,TFS,TFS,25,75,49.6,33.3,14.3,55.7,33.9,47.8,52.3,50,49.2,52.4,48.9,49.6,,52.4,75,Attendance_2023-24_2025-06-17_15_16_08.csv,Attendance
2023-24,School,629,Clarke County,5556,Clarke Central High School,"09,10,11,12",1975,26.6,34.1,39.3,TFS,TFS,TFS,100,45,44.4,35.6,20,799,23,33.4,43.6,515,31.5,34.6,34,527,25.8,35.7,38.5,87,26.4,28.7,44.8,953.0,25.6,34.2,40.2,1022,27.5,34.1,38.5,288,22.2,34.4,43.4,1687,27.3,34.1,38.6,1975,26.6,34.1,39.3,,,,,199,29.1,35.7,35.2,TFS,TFS,50,50,39.2,50,17.8,46.2,29.9,38.7,43.7,39.7,38.7,45.5,38.1,39.2,,39.2,100,Attendance_2023-24_2025-06-17_15_16_08.csv,Attendance
2023-24,School,629,Clarke County,1058,Clarke Middle School,"06,07,08",729,31.8,38.8,29.4,TFS,25,25,50,15,46.7,33.3,20,335,25.7,34,40.3,244,39.3,43,17.6,95,38.9,41.1,20,36,13.9,52.8,33.3,351.0,31.3,38.7,29.9,378,32.3,38.9,28.8,132,18.9,43.9,37.1,597,34.7,37.7,27.6,729,31.8,38.8,29.4,,,,,74,47.3,37.8,14.9,TFS,TFS,TFS,100,28.5,50,20,37.9,16.8,23.2,36.1,28.8,28.3,34.1,27.3,28.5,,17.6,TFS,Attendance_2023-24_2025-06-17_15_16_08.csv,Attendance
2023-24,School,629,Clarke County,0104,Classic City High School,"09,10,11,12",94,13.8,21.3,64.9,,,,,,,,,72,11.1,20.8,68.1,TFS,37.5,12.5,50,TFS,28.6,14.3,57.1,TFS,TFS,42.9,57.1,48.0,6.3,25,68.8,46,21.7,17.4,60.9,24,4.2,20.8,75,70,17.1,21.4,61.4,94,13.8,21.3,64.9,,,,,TFS,25,25,50,,,,,76.6,,,80.6,37.5,85.7,71.4,77.1,76.1,91.7,71.4,76.6,,75,,Attendance_2023-24_2025-06-17_15_16_08.csv,Attendance
2023-24,School,629,Clarke County,0191,Cleveland Road Elementary School,"PK,KK,01,02,03,04,05",259,34.0,48.3,17.8,TFS,TFS,100,TFS,TFS,50,50,TFS,123,40.7,46.3,13,47,27.7,55.3,17,60,28.3,48.3,23.3,24,25,41.7,33.3,128.0,32,51.6,16.4,131,35.9,45,19.1,53,26.4,56.6,17,206,35.9,46.1,18,259,34.0,48.3,17.8,,,,,48,29.2,50,20.8,,,,,17.8,TFS,TFS,16.3,14.9,21.7,25,18,17.6,17,18,17.8,,18.8,,Attendance_2023-24_2025-06-17_15_16_08.csv,Attendance
2023-24,School,629,Clarke County,0196,Coile Middle School,"06,07,08",659,28.7,41.9,29.4,TFS,TFS,100,TFS,,,,,289,28.7,42.6,28.7,49,18.4,32.7,49,303,29.7,43.2,27.1,17,41.2,29.4,29.4,327.0,31.8,39.4,28.7,332,25.6,44.3,30.1,94,24.5,39.4,36.2,565,29.4,42.3,28.3,659,28.7,41.9,29.4,,,,,243,31.3,44.4,24.3,TFS,TFS,100,TFS,30,100,,31.1,42.9,27.1,23.5,31.2,28.9,40.4,28.3,30,,24.3,TFS,Attendance_2023-24_2025-06-17_15_16_08.csv,Attendance
2023-24,School,629,Clarke County,3058,Fowler Drive Elementary School,"PK,KK,01,02,03,04,05",384,35.9,45.1,19,TFS,TFS,100,TFS,,,,,157,37.6,43.3,19.1,32,31.3,40.6,28.1,181,34.8,48.6,16.6,13,46.2,23.1,30.8,175.0,37.1,44,18.9,209,34.9,45.9,19.1,73,23.3,45.2,31.5,311,38.9,45,16.1,384,35.9,45.1,19,,,,,144,39.6,44.4,16,TFS,33.3,66.7,TFS,17.7,TFS,,17.8,31.3,13.8,38.5,16.6,18.7,27.4,15.4,17.7,,10.4,TFS,Attendance_2023-24_2025-06-17_15_16_08.csv,Attendance
2023-24,School,629,Clarke County,0205,Gaines Elementary School,"PK,KK,01,02,03,04,05",550,26.4,40,33.6,TFS,20,40,40,TFS,100,TFS,TFS,387,26.6,37.2,36.2,42,21.4,47.6,31,90,25.6,46.7,27.8,25,32,48,20,256.0,28.9,36.3,34.8,294,24.1,43.2,32.7,116,25,40.5,34.5,434,26.7,39.9,33.4,550,26.4,40,33.6,,,,,70,22.9,51.4,25.7,TFS,TFS,100,TFS,36.5,40,TFS,39.5,38.1,27.8,20,36.7,36.4,37.9,36.2,36.5,,24.3,TFS,Attendance_2023-24_2025-06-17_15_16_08.csv,Attendance
2023-24,School,629,Clarke County,5058,Hilsman Middle School,"06,07,08",681,31.0,40.5,28.5,,,,,TFS,62.5,TFS,37.5,385,26.8,37.7,35.6,127,38.6,44.1,17.3,118,32.2,46.6,21.2,43,37.2,46.5,16.3,316.0,34.5,40.5,25,365,27.9,40.5,31.5,162,27.2,40.1,32.7,519,32.2,40.7,27.2,681,31.0,40.5,28.5,,,,,88,33,42,25,,,,,29.8,,25,38.4,17.3,20.3,16.3,28.8,30.7,34.6,28.3,29.8,,22.7,,Attendance_2023-24_2025-06-17_15_16_08.csv,Attendance
2023-24,School,629,Clarke County,0291,Howard B. Stroud Elementary School,"PK,KK,01,02,03,04,05",375,30.1,42.9,26.9,,,,,TFS,TFS,TFS,100,273,32.6,43.6,23.8,22,13.6,45.5,40.9,63,23.8,44.4,31.7,16,37.5,25,37.5,177.0,32.8,46.9,20.3,198,27.8,39.4,32.8,110,22.7,40.9,36.4,265,33.2,43.8,23,375,30.1,42.9,26.9,,,,,49,30.6,42.9,26.5,TFS,TFS,TFS,100,33.9,,100,30.4,54.5,38.1,43.8,27.1,39.9,39.1,31.7,33.9,,34.7,100,Attendance_2023-24_2025-06-17_15_16_08.csv,Attendance
2023-24,School,629,Clarke County,5056,Johnnie Lay Burks Elementary School,"PK,KK,01,02,03,04,05",476,31.1,45.4,23.5,,,,,TFS,42.9,57.1,TFS,162,21.6,39.5,38.9,217,37.3,49.3,13.4,59,37.3,40.7,22,31,22.6,54.8,22.6,243.0,34.2,48.6,17.3,233,27.9,42.1,30,60,31.7,33.3,35,416,31.0,47.1,21.9,476,31.1,45.4,23.5,,,,,40,42.5,35,22.5,TFS,50,50,TFS,23.3,,14.3,42,10.6,18.6,25.8,18.5,28.3,38.3,21.2,23.3,,25,TFS,Attendance_2023-24_2025-06-17_15_16_08.csv,Attendance
2023-24,School,629,Clarke County,0112,Judia Jackson Harris Elementary,"PK,KK,01,02,03,04,05",384,35.2,48.4,16.4,TFS,TFS,66.7,33.3,,,,,76,35.5,44.7,19.7,19,26.3,52.6,21.1,282,36.5,48.6,14.9,TFS,TFS,75,25,169.0,32,52.1,16,215,37.7,45.6,16.7,73,34.2,49.3,16.4,311,35.4,48.2,16.4,384,35.2,48.4,16.4,,,,,229,40.2,45.4,14.4,,,,,16.9,100,,25,15.8,13.8,25,18.3,15.8,13.7,17.7,16.9,,14,,Attendance_2023-24_2025-06-17_15_16_08.csv,Attendance
2023-24,School,629,Clarke County,4060,Oglethorpe Avenue Elementary School,"PK,KK,01,02,03,04,05",533,31.1,45.4,23.5,,,,,TFS,40,40,20,182,27.5,48.4,24.2,118,28.8,53.4,17.8,199,34.7,38.2,27.1,29,37.9,44.8,17.2,255.0,29.8,45.9,24.3,278,32.4,45,22.7,103,26.2,48.5,25.2,430,32.3,44.7,23,533,31.1,45.4,23.5,,,,,165,33.9,41.2,24.8,10,30,40,30,23.1,,20,23.1,16.1,28.6,13.8,22.7,23.4,27.2,22.1,23.1,,26.7,50,Attendance_2023-24_2025-06-17_15_16_08.csv,Attendance
2023-24,School,629,Clarke County,0178,Timothy Elementary School,"PK,KK,01,02,03,04,05",568,32.9,47.7,19.4,TFS,33.3,33.3,33.3,16,31.3,43.8,25,227,34.4,44.9,20.7,199,34.2,51.8,14.1,69,23.2,46.4,30.4,54,35.2,48.1,16.7,258.0,33.7,47.7,18.6,310,32.3,47.7,20,128,21.1,50,28.9,440,36.4,47,16.6,568,32.9,47.7,19.4,,,,,53,24.5,45.3,30.2,TFS,TFS,100,TFS,17.6,33.3,12.5,19.4,10.6,29,22.2,15.9,19,24.2,15.7,17.6,,35.8,100,Attendance_2023-24_2025-06-17_15_16_08.csv,Attendance
2023-24,School,629,Clarke County,0391,Whit Davis Road Elementary School,"PK,KK,01,02,03,04,05",386,26.9,43.3,29.8,,,,,TFS,100,TFS,TFS,172,31.4,40.1,28.5,90,25.6,54.4,20,83,19.3,37.3,43.4,40,25,45,30,180.0,30.6,43.3,26.1,206,23.8,43.2,33,57,14,54.4,31.6,329,29.2,41.3,29.5,386,26.9,43.3,29.8,,,,,51,21.6,33.3,45.1,,,,,30.8,,TFS,30.8,17.8,44.6,32.5,29.4,32,28.1,31.3,30.8,,51,,Attendance_2023-24_2025-06-17_15_16_08.csv,Attendance
2023-24,School,629,Clarke County,1062,Whitehead Road Elementary School,"PK,KK,01,02,03,04,05",645,31.9,49.1,18.9,TFS,TFS,TFS,100,12,66.7,33.3,TFS,204,36.8,48,15.2,106,34,49.1,17,294,27.6,51,21.4,28,21.4,46.4,32.1,349.0,32.7,49,18.3,296,31.1,49.3,19.6,70,21.4,50,28.6,575,33.2,49,17.7,645,31.9,49.1,18.9,,,,,237,30.4,50.6,19,,,,,16.7,100,8.3,12.7,15.1,18.7,32.1,16.3,17.2,30,15.1,16.7,,16.5,,Attendance_2023-24_2025-06-17_15_16_08.csv,Attendance
2023-24,School,629,Clarke County,2062,Winterville Elementary School,"PK,KK,01,02,03,04,05",341,33.7,44.3,22,TFS,TFS,66.7,33.3,TFS,TFS,100,TFS,141,30.5,46.8,22.7,65,24.6,44.6,30.8,112,43.8,38.4,17.9,19,36.8,52.6,10.5,170.0,34.7,43.5,21.8,171,32.7,45,22.2,62,29,45.2,25.8,279,34.8,44.1,21.1,341,33.7,44.3,22,,,,,84,45.2,44,10.7,,,,,21.4,33.3,TFS,22,30.8,15.2,21.1,23.5,19.3,22.6,21.1,21.4,,10.7,,Attendance_2023-24_2025-06-17_15_16_08.csv,Attendance
